date, pm25, pm10, o3, no2, so2, co
2026/1/1, 111, 78, 22, 32, 2, 
2026/1/2, 142, 91, 15, 40, 1, 
2026/1/3, 156, 110, 15, 40, 4, 
2026/1/4, 171, 94, 20, 37, , 
2026/1/5, 164, 99, 18, 38, 3, 
2026/1/6, 165, , , , , 
2025/10/1, 55, 25, 9, 9, 1, 
2025/10/2, 59, 34, 8, 7, 1, 
2025/10/3, 65, 35, 9, 10, , 
2025/10/4, 44, 56, 9, 12, 2, 
2025/10/5, 72, 48, 51, 16, 71, 
2025/10/6, 69, 44, 3, 11, 1, 
2025/10/7, 59, 57, 8, 14, 2, 
2025/10/8, 60, 92, 22, 22, 2, 
2025/10/9, 117, 111, 21, 25, , 
2025/10/10, 165, 129, 21, 25, 2, 
2025/10/11, 154, 127, 22, 25, 2, 
2025/10/12, 155, 104, 21, 29, , 
2025/10/13, 149, 100, 25, 29, , 
2025/10/14, 150, 102, 22, 30, 4, 
2025/10/15, 154, 87, 29, 27, 2, 
2025/10/16, 143, 61, 19, 22, 2, 
2025/10/17, 100, 83, 31, 23, 2, 
2025/10/18, 153, 65, 26, 20, 1, 
2025/10/19, 160, 126, 22, 24, 1, 
2025/10/20, 199, 125, 23, 15, 1, 
2025/10/21, 196, 70, 22, 16, 5, 
2025/10/22, 140, 67, 13, 17, 2, 
2025/10/23, 125, 57, 12, 19, 3, 
2025/10/24, 100, 38, 6, 15, 4, 
2025/10/25, 61, 37, 8, 13, 4, 
2025/10/26, 62, 31, 7, 13, 2, 
2025/10/27, 67, 48, 9, 14, 2, 
2025/10/28, 75, 61, 11, 16, 2, 
2025/10/29, 84, 50, 10, 16, 2, 
2025/10/30, 79, 46, 5, 18, 1, 
2025/10/31, 70, 47, 7, 15, 3, 
2025/11/1, 142, 47, 4, 15, 1, 
2025/11/2, 63, 39, 34, 15, 52, 
2025/11/3, 67, 50, 12, 16, 1, 
2025/11/4, 92, 55, 14, 16, , 
2025/11/5, 83, 78, 23, 18, , 
2025/11/6, 112, 100, 24, 26, 2, 
2025/11/7, 156, 83, 21, 27, 4, 
2025/11/8, 121, 80, 18, 25, 4, 
2025/11/9, 123, 87, 26, 29, 4, 
2025/11/10, 138, 95, 33, 33, 5, 
2025/11/11, 152, 94, 27, 27, 5, 
2025/11/12, 152, 97, 28, 29, 4, 
2025/11/13, 153, 101, 27, 34, 2, 
2025/11/14, 161, 107, 26, 42, 4, 
2025/11/15, 161, 96, 27, 29, 2, 
2025/11/16, 158, 100, 29, 25, 5, 
2025/11/17, 162, 105, 30, 30, 3, 
2025/11/18, 166, 114, 29, 31, 5, 
2025/11/19, 167, 111, 32, 39, 2, 
2025/11/20, 166, 117, 34, 38, 2, 
2025/11/21, 173, 126, 35, 43, 6, 
2025/11/22, 175, 129, 47, 39, 5, 
2025/11/23, 182, 120, 28, 43, 4, 
2025/11/24, 177, 115, 35, 41, 3, 
2025/11/25, 177, 99, 45, 40, 1, 
2025/11/26, 169, 94, 20, 34, 5, 
2025/11/27, 165, 86, 15, 35, 2, 
2025/11/28, 158, 78, 15, 30, 6, 
2025/11/29, 141, 70, 21, 31, 4, 
2025/11/30, 139, 81, 30, 40, 7, 
2025/12/1, 154, 83, 31, 43, 7, 
2025/12/2, 153, 85, 35, 37, 5, 
2025/12/3, 157, 84, 25, 25, 7, 
2025/12/4, 159, 85, 29, 29, 8, 
2025/12/5, 157, 79, 28, 28, 7, 
2025/12/6, 148, 80, 35, 28, 5, 
2025/12/7, 153, 86, 20, 41, 4, 
2025/12/8, 152, 72, 31, 32, 7, 
2025/12/9, 116, 61, 18, 32, 8, 
2025/12/10, 90, 65, 19, 33, 8, 
2025/12/11, 98, 77, 25, 38, , 
2025/12/12, 128, 77, 28, 17, , 
2025/12/13, 135, 83, 26, 18, , 
2025/12/14, 148, 76, 21, 22, 4, 
2025/12/15, 142, 73, 31, 30, 1, 
2025/12/16, 130, 85, 31, 38, 1, 
2025/12/17, 152, 88, 23, 41, , 
2025/12/18, 155, 79, 27, 38, , 
2025/12/19, 139, 71, 15, 37, 4, 
2025/12/20, 115, 67, 22, 32, , 
2025/12/21, 100, 77, 17, 38, , 
2025/12/22, 136, 69, 21, 32, , 
2025/12/23, 113, 60, 24, 30, , 
2025/12/24, 94, 78, 27, 40, , 
2025/12/25, 126, 85, 40, 41, 1, 
2025/12/26, 161, 88, 27, 37, , 
2025/12/27, 156, 90, 32, 42, 2, 
2025/12/28, 158, , , , , 
2025/7/1, 54, 49, 8, 7, 1, 
2025/7/2, 56, 47, 9, 5, 3, 
2025/7/3, 56, 49, 9, 5, 2, 
2025/7/4, 55, 2, 9, 6, , 
2025/7/5, 57, 3, 11, 4, 1, 
2025/7/6, 59, 5, 67, 6, 2, 
2025/7/7, 60, 22, 9, 6, , 
2025/7/8, 66, 30, 8, 6, 11, 
2025/7/9, 50, 30, 9, 6, , 
2025/7/10, 53, 27, 12, 5, 3, 
2025/7/11, 65, 27, 11, 6, 1, 
2025/7/12, 66, 27, 10, 6, 4, 
2025/7/13, 55, 27, 9, 8, 2, 
2025/7/14, 39, 38, 5, 9, 1, 
2025/7/15, 59, 66, 9, 7, 1, 
2025/7/16, 58, 69, 9, 8, , 
2025/7/17, 66, 65, 9, 7, 5, 
2025/7/18, 60, 63, 8, 7, 1, 
2025/7/19, 57, 54, 9, 7, 3, 
2025/7/20, 55, 58, , 12, 3, 
2025/7/21, 84, 49, 5, 11, 2, 
2025/7/22, 51, 48, 5, 11, , 
2025/7/23, 55, 55, 8, 8, 2, 
2025/7/24, 54, 48, 8, 8, 2, 
2025/7/25, 51, 55, 10, 7, 1, 
2025/7/26, 57, 62, 11, 5, , 
2025/7/27, 66, 61, 11, 6, 1, 
2025/7/28, 69, 61, 10, 6, 2, 
2025/7/29, 63, 64, 10, 7, , 
2025/7/30, 63, 69, 10, 6, 1, 
2025/7/31, 62, 57, 26, 5, 87, 
2025/8/1, 65, 42, 9, 4, 8, 
2025/8/2, 79, 45, 10, 5, 2, 
2025/8/3, 53, 49, 11, 5, 4, 
2025/8/4, 56, 47, 12, 5, 9, 
2025/8/5, 59, 54, 9, 6, 3, 
2025/8/6, 54, 37, 9, 6, 5, 
2025/8/7, 62, 53, 7, 6, 5, 
2025/8/8, 65, 175, 8, 6, 8, 
2025/8/9, 75, 42, 5, 5, 5, 
2025/8/10, 60, 49, 6, 5, 2, 
2025/8/11, 68, 33, 7, 5, 2, 
2025/8/12, 51, 27, 5, 6, 1, 
2025/8/13, 49, 27, 8, 6, 5, 
2025/8/14, 57, 21, 9, 6, 2, 
2025/8/15, 48, 17, 5, 6, 5, 
2025/8/16, 39, 29, 6, 6, 2, 
2025/8/17, 61, 24, 8, 6, 5, 
2025/8/18, 43, 13, 11, 5, 4, 
2025/8/19, 35, 41, 8, 6, 4, 
2025/8/20, 57, 39, 10, 6, 2, 
2025/8/21, 52, 43, 8, 4, 4, 
2025/8/22, 54, 48, 9, 3, 4, 
2025/8/23, 47, 42, 10, 3, 4, 
2025/8/24, 43, 28, 8, 3, 3, 
2025/8/25, 34, 38, 5, 3, 3, 
2025/8/26, 35, 46, 7, 4, 1, 
2025/8/27, 48, 50, 4, 3, 2, 
2025/8/28, 45, 40, 4, 2, 6, 
2025/8/29, 70, 31, 9, 1, 3, 
2025/8/30, 49, 40, 7, 1, 2, 
2025/8/31, 59, 45, 8, 1, 3, 
2025/9/1, 57, 52, 7, 1, 1, 
2025/9/2, 52, 55, 9, 1, 3, 
2025/9/3, 58, 48, 3, 1, 3, 
2025/9/4, 53, 48, 6, 1, 3, 
2025/9/5, 54, 38, 7, 1, 3, 
2025/9/6, 51, 51, 6, 1, 3, 
2025/9/7, 60, 50, 9, 1, , 
2025/9/8, 54, 62, 10, 1, 1, 
2025/9/9, 70, 69, 17, 1, 3, 
2025/9/10, 86, 57, 83, 3, 3, 
2025/9/11, 47, 55, 4, 10, 71, 
2025/9/12, 58, 57, 8, 9, 1, 
2025/9/13, 67, 44, 11, 9, 1, 
2025/9/14, 77, 31, 5, 7, 2, 
2025/9/15, 57, 56, 1, 11, 6, 
2025/9/16, 87, 35, 12, 7, 1, 
2025/9/17, 53, 32, 9, 12, 2, 
2025/9/18, 45, 31, 7, 10, 1, 
2025/9/19, 53, 35, 10, 11, 4, 
2025/9/20, 53, 28, 7, 10, 3, 
2025/9/21, 62, 25, 2, 10, 2, 
2025/9/22, 52, 42, 12, 13, 2, 
2025/9/23, 71, 38, 9, 10, 6, 
2025/9/24, 50, 35, 11, 11, 5, 
2025/9/25, 45, 51, 8, 9, 2, 
2025/9/26, 67, 30, 6, , 1, 
2025/9/27, 55, 20, 22, 1, 1, 
2025/9/28, 43, 37, 19, 3, 8, 
2025/9/29, 56, 28, 9, 2, 2, 
2025/9/30, 50, 32, 8, 15, 1, 
2025/4/1, 130, 114, 42, , 3, 
2025/4/2, 155, 94, 82, , 2, 
2025/4/3, 138, 110, 29, , 1, 
2025/4/4, 102, 105, 26, 30, , 
2025/4/5, 131, 95, 37, 30, 1, 
2025/4/6, 117, 89, 41, 24, , 
2025/4/7, 118, 92, 75, 31, 4, 
2025/4/8, 128, 83, 46, 21, , 
2025/4/9, 110, 64, 31, 15, 3, 
2025/4/10, 81, 88, 24, 13, 7, 
2025/4/11, 95, 74, 26, 13, 1, 
2025/4/12, 80, 87, 27, 15, 3, 
2025/4/13, 82, 79, 40, 17, 3, 
2025/4/14, 92, 98, 27, 20, 4, 
2025/4/15, 98, 86, 21, 12, 10, 
2025/4/16, 77, 62, 25, 13, 8, 
2025/4/17, 73, 58, 30, 13, 9, 
2025/4/18, 64, 56, 28, 13, 25, 
2025/4/19, 65, , , , , 
2025/4/30, 85, 62, 21, 6, 23, 
2025/5/1, 69, 66, 27, 6, 6, 
2025/5/2, 73, 119, 21, 5, 9, 
2025/5/3, 65, 64, 21, 5, 20, 
2025/5/4, 65, 74, 17, 5, 2, 
2025/5/5, 78, 66, 33, 6, 68, 
2025/5/6, 72, 56, 17, 19, 5, 
2025/5/7, 70, 45, 29, 17, 1, 
2025/5/8, 59, 49, 25, 19, 2, 
2025/5/9, 51, 50, 27, 29, 3, 
2025/5/10, 51, 56, 39, 24, 1, 
2025/5/11, 55, 39, 19, 23, 1, 
2025/5/12, 54, 59, 19, 25, 2, 
2025/5/13, 65, 86, 21, 31, 5, 
2025/5/14, 111, 77, 25, 31, 2, 
2025/5/15, 100, 62, 16, 15, 2, 
2025/5/16, 65, 57, 14, 17, , 
2025/5/17, 63, 57, 18, 16, 1, 
2025/5/18, 56, 58, 16, 16, , 
2025/5/19, 59, 49, 16, 31, 4, 
2025/5/20, 62, 47, 33, 34, 1, 
2025/5/21, 67, 43, 7, 31, , 
2025/5/22, 62, 71, 5, 41, , 
2025/5/23, 102, 79, 6, 42, , 
2025/5/24, 113, 54, , 32, , 
2025/5/25, 83, 45, , 24, , 
2025/5/26, 94, 38, 1, 31, , 
2025/5/27, 67, 55, 82, 46, , 
2025/5/28, 79, 69, 1, 27, , 
2025/5/29, 85, 71, 20, 13, , 
2025/5/30, 70, 65, 5, 15, , 
2025/5/31, 67, 51, 4, 19, , 
2025/6/1, 62, 60, 4, 18, , 
2025/6/2, 64, 52, 30, 12, , 
2025/6/3, 74, 42, 14, 15, , 
2025/6/4, 64, 82, 15, 22, , 
2025/6/5, 96, 82, 11, 18, , 
2025/6/6, 110, 51, 16, 16, , 
2025/6/7, 71, 69, 14, 17, , 
2025/6/8, 97, 70, 7, 11, , 
2025/6/9, 78, 56, 8, 11, , 
2025/6/10, 65, 47, 8, 11, , 
2025/6/11, 48, 49, 7, 12, , 
2025/6/12, 52, 48, 16, 15, , 
2025/6/13, 69, 59, 8, 13, , 
2025/6/14, 66, 33, 8, 17, , 
2025/6/15, 71, 17, 19, 12, , 
2025/6/16, 41, 61, 11, 8, , 
2025/6/17, 68, 32, 17, 10, , 
2025/6/18, 45, 43, 13, 7, 4, 
2025/6/19, 54, 50, 9, 6, 3, 
2025/6/20, 54, 53, 10, 6, , 
2025/6/21, 50, 52, 10, 6, 1, 
2025/6/22, 53, 54, 11, 6, , 
2025/6/23, 60, 51, 11, 7, , 
2025/6/24, 58, 56, 10, 6, 1, 
2025/6/25, 69, 56, 8, 7, , 
2025/6/26, 71, 57, 10, 6, , 
2025/6/27, 65, 62, 14, 7, , 
2025/6/28, 77, 52, 10, 6, 4, 
2025/6/29, 63, 56, 8, 7, , 
2025/6/30, 62, 53, 9, 5, 5, 
2025/3/12, 163, 112, 49, 24, 5, 
2025/3/13, 163, 105, 67, 16, , 
2025/3/14, 161, 76, 62, 3, , 
2025/3/15, 95, 103, 36, 5, 4, 
2025/3/16, 109, 95, 40, 6, 2, 
2025/3/17, 122, 94, 54, , 1, 
2025/3/18, 99, 81, 36, , 4, 
2025/3/19, 105, 93, 45, , 3, 
2025/3/20, 111, 87, 51, , 4, 
2025/3/21, 103, 90, 19, , , 
2025/3/22, 80, 105, 33, , 1, 
2025/3/23, 114, 87, 60, , , 
2025/3/24, 131, 95, 44, , , 
2025/3/25, 127, 65, 31, , , 
2025/3/26, 91, 62, 27, , 3, 
2025/3/27, 65, 96, 17, 58, 1, 
2025/3/28, 95, 148, 43, 1, 6, 
2025/3/29, 147, 140, 83, , 3, 
2025/3/30, 142, 124, 84, , 3, 
2025/3/31, 122, 109, 66, , 3, 
2024/7/1, 85, 59, 9, 11, 3, 
2024/7/2, 77, 51, 74, 11, 5, 
2024/7/3, 79, 43, 6, 9, 5, 
2024/7/4, 86, 38, 5, 7, 3, 
2024/7/5, 82, 54, 6, 9, 3, 
2024/7/6, 88, 51, 6, 7, 3, 
2024/7/7, 98, 75, 4, 10, 1, 
2024/7/8, 112, , 4, 15, 6, 
2024/4/1, 104, , , , , 
2024/4/3, 99, 55, 7, 22, 5, 14
2024/4/4, 120, 90, 21, 17, 51, 
2024/4/5, 119, , , , , 
2024/4/7, 117, 54, 16, 14, 17, 9
2024/4/8, 96, 77, 11, 15, 7, 7
2024/4/9, 132, 64, 11, 15, 8, 6
2024/4/10, 124, 76, 13, 15, 8, 6
2024/4/11, 114, , , , , 
2024/4/13, 97, 71, 8, 12, 7, 4
2024/4/14, 95, 62, 16, 38, 23, 5
2024/4/15, 133, 81, 20, 26, 8, 9
2024/4/16, 157, 174, 14, 15, 10, 10
2024/4/17, 120, 157, 11, 23, 3, 8
2024/4/18, 143, 163, 7, 37, 4, 4
2024/4/19, 129, 89, 8, 14, , 10
2024/4/20, 162, 77, 9, 14, , 13
2024/4/21, 128, 81, 10, 14, 7, 8
2024/4/22, 117, 79, 9, 28, 4, 4
2024/4/23, 126, 88, 8, 14, 3, 4
2024/4/24, 147, 137, 7, 13, 13, 2
2024/4/25, 136, , , , , 
2024/4/27, 141, 111, 36, 15, 4, 3
2024/4/28, 167, 98, 10, 16, 3, 6
2024/4/29, 157, 95, 12, 16, 2, 7
2024/4/30, 154, 103, 11, 11, 1, 5
2024/5/1, 129, 346, 31, 8, 1, 8
2024/5/2, 140, 60, 10, 21, 4, 11
2024/5/3, 98, 168, 6, 10, 1, 9
2024/5/4, 116, , , , , 
2024/5/7, 107, 93, 11, 13, , 9
2024/5/8, 76, 59, 10, 9, , 2
2024/5/9, 64, 82, 12, 18, , 2
2024/5/10, 67, 118, 6, 10, , 12
2024/5/11, 34, , , , , 
2024/5/13, 111, 91, , 22, , 7
2024/5/14, 171, 90, , 28, , 13
2024/5/15, 176, , 19, 21, 6, 2
2024/5/16, 72, , 34, 20, 4, 2
2024/5/17, 79, 55, 15, 15, 4, 
2024/5/18, 67, 58, 16, 15, 4, 
2024/5/19, 77, 39, 13, 14, 4, 
2024/5/20, 49, 35, 13, 15, 6, 
2024/5/21, 59, 16, 12, 15, 1, 
2024/5/22, 57, , , , , 
2024/5/24, 63, 26, 11, 13, 5, 
2024/5/25, 60, 26, 11, 12, 5, 
2024/5/26, 68, 36, 10, 12, 5, 
2024/5/27, 69, 23, 10, 10, 4, 
2024/5/28, 54, 33, 12, 10, 4, 
2024/5/29, 67, 46, 12, 10, 5, 
2024/5/30, 71, 54, 12, 10, 6, 
2024/5/31, 61, 47, 13, 10, 5, 
2024/6/1, 18, 37, 14, 9, 5, 
2024/6/2, 59, 66, 11, 11, 4, 
2024/6/3, 72, 71, 12, 11, 5, 
2024/6/4, 73, 52, 10, 11, 4, 
2024/6/5, 95, 53, 7, 11, 3, 
2024/6/6, 56, 60, 10, 10, 5, 
2024/6/7, 67, 65, 14, 12, 5, 
2024/6/8, 67, 47, 5, 11, 7, 
2024/6/9, 69, 24, 20, 14, 4, 
2024/6/10, 80, 32, 13, 14, 6, 
2024/6/11, 79, 36, 12, 11, 3, 
2024/6/12, 53, 27, 11, 11, 5, 
2024/6/13, 46, 34, 12, 13, 6, 
2024/6/14, 52, 42, 16, 13, 6, 
2024/6/15, 61, 46, 15, 12, 6, 
2024/6/16, 64, 40, 9, 15, 4, 
2024/6/17, 55, 37, 9, 12, 4, 
2024/6/18, 85, 38, 10, 10, 4, 
2024/6/19, 88, 47, 7, 10, 2, 
2024/6/20, 85, 38, 9, 13, 4, 
2024/6/21, 74, 51, 4, 14, 3, 
2024/6/22, 77, 55, 17, 14, 3, 
2024/6/23, 90, 37, 18, 12, 6, 
2024/6/24, 61, 42, 16, 13, 6, 
2024/6/25, 65, 32, 16, 12, 7, 
2024/6/26, 60, 24, 11, 10, 2, 
2024/6/27, 53, 38, 11, 10, 3, 
2024/6/28, 62, 53, 8, 9, 3, 
2024/6/29, 72, 57, 8, 10, 1, 
2024/6/30, 81, 58, 9, 10, 3, 
2024/1/1, 136, 68, 23, 18, 1, 13
2024/1/2, 150, 63, 27, 32, 5, 15
2024/1/3, 135, 72, 17, 18, 5, 16
2024/1/4, 147, 72, 29, 28, 5, 14
2024/1/5, 161, 80, 20, 22, 4, 14
2024/1/6, 144, 79, 27, 33, 7, 14
2024/1/7, 137, 67, 22, 34, 8, 9
2024/1/8, 106, 81, 26, 36, 16, 12
2024/1/16, 30, 48, 28, 24, , 7
2024/1/17, 50, 49, 18, 17, , 7
2024/1/18, 52, 60, 18, 18, 1, 8
2024/1/19, 67, 76, 18, 20, 10, 10
2024/1/20, 75, 58, 30, 26, 5, 8
2024/1/21, 59, 74, 26, 39, 4, 7
2024/1/22, 72, 64, 19, 16, 3, 4
2024/1/23, 63, 57, 19, 25, 7, 7
2024/1/24, 51, 95, 17, 20, 8, 15
2024/1/25, 130, 107, 30, 5, 8, 22
2024/1/26, 166, 101, 1, 4, 19, 19
2024/1/27, 162, 119, 1, 9, 18, 20
2024/1/28, 157, 108, , 5, 7, 23
2024/1/29, 164, 105, , 5, 16, 26
2024/1/30, 170, 95, 55, 9, 15, 21
2024/1/31, 161, 87, 4, 8, 5, 18
2024/2/1, 160, 61, 12, 5, 9, 18
2024/2/2, 115, 89, 1, 6, 1, 20
2024/2/3, 162, 94, 46, 10, 17, 25
2024/2/4, 173, 69, 11, 11, 31, 23
2024/2/5, 169, , 11, 10, 38, 23
2024/2/6, 167, 97, 43, 16, 5, 13
2024/2/7, 165, 71, 11, 24, 3, 12
2024/2/8, 160, 71, 13, 50, 12, 12
2024/2/9, 146, 72, 29, 26, 3, 16
2024/2/10, 134, 81, 36, 44, 13, 17
2024/2/11, 138, 77, 21, 26, 5, 19
2024/2/12, 155, 75, 14, 34, 4, 18
2024/2/13, 150, 79, 28, 35, 6, 17
2024/2/14, 151, 82, 15, 34, 2, 16
2024/2/15, 154, 104, 16, 39, 15, 20
2024/2/16, 177, 104, 20, 42, 6, 24
2024/2/17, 168, 123, 6, 27, 2, 12
2024/2/18, 153, 70, 8, 26, 3, 13
2024/2/19, 119, 64, 5, 20, 2, 12
2024/2/20, 72, 48, 7, 33, 1, 18
2024/2/21, 69, 52, 7, 20, 1, 18
2024/2/22, 84, 54, 9, 21, 4, 19
2024/2/23, 95, 61, 9, 47, 3, 18
2024/2/24, 112, 74, 15, 23, 4, 21
2024/2/25, 127, 77, 33, 31, 6, 26
2024/2/26, 154, 90, 36, 70, 15, 26
2024/2/27, 162, 83, 18, 47, 3, 4
2024/2/28, 152, 87, 20, 26, 10, 4
2024/2/29, 152, 88, 28, 59, 8, 9
2024/3/1, 161, 57, 14, 31, 9, 4
2024/3/2, 103, 57, 14, 27, 1, 2
2024/3/3, 68, 44, 11, 19, , 2
2024/3/4, 67, 66, 36, 49, 5, 9
2024/3/5, 145, 68, 35, 27, 9, 10
2024/3/6, 148, 70, 21, 28, 9, 5
2024/3/7, 143, 72, 13, 24, 3, 7
2024/3/8, 137, 69, 21, 26, 2, 9
2024/3/9, 124, 80, 8, 27, 2, 10
2024/3/10, 59, 63, 5, 29, 1, 11
2024/3/11, 57, 67, 21, 26, 2, 8
2024/3/12, 143, 57, 21, 45, 4, 9
2024/3/13, 111, 47, 9, 22, 2, 10
2024/3/14, 109, , , , , 
2024/3/16, 118, 84, 16, 15, 2, 4
2024/3/17, 114, 71, 27, 30, , 4
2024/3/18, 102, 73, 35, 41, 5, 6
2024/3/19, 124, 67, 19, 28, 12, 8
2024/3/20, 120, 75, 22, 27, 4, 9
2024/3/21, 129, 83, 15, 28, 6, 8
2024/3/22, 147, 67, 47, 22, 10, 9
2024/3/23, 130, 61, 11, 17, 3, 4
2024/3/24, 89, 61, 13, 18, 3, 8
2024/3/25, 137, 62, 23, 21, 3, 5
2024/3/26, 82, 71, 19, 34, 11, 7
2024/3/27, 93, 65, 7, 37, 4, 5
2024/3/28, 90, 63, 5, 22, 3, 6
2024/3/29, 106, 93, 10, 20, 16, 5
2024/3/30, 107, 80, 26, 19, 22, 7
2024/3/31, 90, 77, 26, 18, 24, 9
2023/10/1, 93, 53, 5, 5, 6, 8
2023/10/2, 120, 89, 4, 5, 4, 8
2023/10/3, 161, 98, 5, 6, 7, 8
2023/10/4, 167, 102, 5, 6, 6, 8
2023/10/5, 167, 100, 4, 7, 5, 9
2023/10/6, 160, 94, 4, 7, 4, 10
2023/10/7, 157, 103, 5, 10, 5, 11
2023/10/8, 164, 110, 5, 10, 7, 12
2023/10/9, 166, 80, 4, 7, 7, 10
2023/10/10, 134, 65, 5, 8, 7, 10
2023/10/11, 111, 58, 5, 9, 7, 9
2023/10/12, 95, 70, 7, 9, 8, 12
2023/10/13, 101, 186, 7, 10, 9, 18
2023/10/14, 193, 139, 7, 6, 8, 13
2023/10/15, 175, 191, 7, 6, 9, 14
2023/10/16, 207, 259, 8, 6, 10, 16
2023/10/17, 232, 294, 7, 7, 9, 15
2023/10/18, 236, 390, 8, 11, 8, 15
2023/10/19, 272, 401, 9, 11, 8, 16
2023/10/20, 286, 57, 8, 10, 8, 14
2023/10/21, 84, 79, 9, 13, 10, 16
2023/10/22, 138, 75, 8, 14, 9, 20
2023/10/23, 128, 104, 9, 14, 8, 
2023/10/24, 167, 99, 9, 15, 8, 
2023/10/25, 165, 99, 9, 11, 11, 
2023/10/26, 164, 53, 5, 17, 8, 9
2023/10/27, 99, 58, 6, 17, 8, 10
2023/10/28, 113, 62, 6, 13, 9, 9
2023/10/29, 122, 57, 7, 12, 8, 10
2023/10/30, 110, 53, 7, , 10, 10
2023/10/31, 102, 61, 8, 22, 11, 10
2023/11/1, 105, 63, 8, 14, 13, 9
2023/11/2, 90, 106, 8, 30, 12, 12
2023/11/3, 145, 78, 8, 41, 12, 25
2023/11/4, 113, 85, 10, 37, 12, 23
2023/11/5, 112, 91, 11, 48, 9, 25
2023/11/6, 120, 83, 8, 45, 9, 24
2023/11/7, 138, 75, 8, 35, 8, 21
2023/11/8, 98, 66, 10, 29, 10, 11
2023/11/9, 85, 51, 9, 20, 6, 3
2023/11/10, 63, 62, 10, 34, 5, 9
2023/11/11, 80, , , , , 
2023/11/19, 123, 65, 7, 18, 3, 14
2023/11/20, 97, , , , , 
2023/11/22, 120, 75, 7, 12, 1, 7
2023/11/23, 117, 101, 9, 49, 2, 15
2023/11/24, 154, 70, 7, 29, 3, 11
2023/11/25, 107, 79, 12, 14, 4, 8
2023/11/26, 105, 45, 7, 9, 3, 3
2023/11/27, 70, 46, 7, 13, 1, 5
2023/11/28, 72, 61, 11, 24, 5, 6
2023/11/29, 91, 65, 8, 13, 1, 6
2023/11/30, 98, 79, 9, 24, 5, 8
2023/12/1, 122, 123, 14, 19, 3, 11
2023/12/2, 143, 98, 20, 32, 6, 11
2023/12/3, 130, 80, 15, 33, 4, 8
2023/12/4, 126, 84, 19, 15, 2, 7
2023/12/5, 132, , , , , 
2023/12/7, 91, 69, 20, 25, 7, 7
2023/12/8, 105, 65, 15, 18, 2, 6
2023/12/9, 100, 8, 15, 17, 2, 8
2023/12/10, 23, 6, 15, 33, 1, 5
2023/12/11, 21, 7, 16, 16, 2, 4
2023/12/12, 23, 72, 14, 53, 4, 
2023/12/13, 111, , , , , 
2023/12/14, 11, 94, 12, 34, 4, 16
2023/12/15, 141, 78, 15, 17, 5, 6
2023/12/16, 122, 79, 19, 12, 6, 4
2023/12/17, 123, 78, 18, 8, 4, 2
2023/12/18, 121, 83, 28, 32, 14, 9
2023/12/19, 128, 78, 14, 9, 6, 2
2023/12/20, 121, 98, 16, 20, 16, 9
2023/12/21, 148, 108, 17, 25, 17, 16
2023/12/22, 155, 106, 16, 16, 18, 12
2023/12/23, 154, 102, 17, 39, 16, 13
2023/12/24, 151, 96, 23, 26, 34, 11
2023/12/25, 152, 106, 22, 28, 9, 14
2023/12/26, 163, 91, 14, 24, 6, 14
2023/12/27, 164, 98, 24, 50, 20, 21
2023/12/28, 175, 74, 24, 21, 10, 18
2023/12/29, 171, 66, 27, 40, 19, 19
2023/12/30, 139, 70, 16, 20, 25, 13
2023/12/31, 113, 68, 24, 39, 6, 18
2023/7/1, 67, 32, 29, 1, 2, 20
2023/7/2, 73, 21, 33, 1, 3, 20
2023/7/3, 53, 17, 33, 2, 2, 21
2023/7/4, 46, 16, 30, 2, 6, 15
2023/7/5, 43, 5, 29, 3, 14, 8
2023/7/6, 16, 5, 31, 17, 14, 7
2023/7/7, 16, 15, 26, 3, 17, 6
2023/7/8, 44, 14, 25, 3, 16, 5
2023/7/9, 39, 14, 21, 3, 16, 5
2023/7/10, 40, 18, 21, 3, 16, 5
2023/7/11, 47, , 23, 3, 14, 4
2023/7/13, 230, 9, 27, 4, 15, 7
2023/7/14, 28, 12, 32, 4, 15, 7
2023/7/15, 33, 13, 29, 3, 17, 5
2023/7/16, 37, 11, 27, 4, 18, 7
2023/7/17, 32, 10, 28, 4, 15, 7
2023/7/18, 30, 12, 28, 4, 15, 5
2023/7/19, 38, 17, 29, 3, 16, 6
2023/7/20, 48, 9, 29, 3, 15, 6
2023/7/21, 28, 8, 30, , 17, 7
2023/7/22, 25, 8, 32, , 16, 4
2023/7/23, 23, 9, 32, 3, 10, 6
2023/7/24, 26, 10, 35, 3, , 8
2023/7/25, 29, 6, 36, 3, 5, 12
2023/7/26, 18, 9, 34, 2, , 11
2023/7/27, 27, 8, 33, 2, 13, 11
2023/7/28, 24, 10, 34, 3, 28, 14
2023/7/29, 29, 18, 34, 2, 24, 13
2023/7/30, 47, 16, 33, 2, 22, 12
2023/7/31, 44, 18, 33, 3, 26, 11
2023/8/1, 50, 18, 33, 2, 20, 11
2023/8/2, 49, 19, 36, 2, 17, 10
2023/8/3, 51, 16, 32, 2, 23, 10
2023/8/4, 45, 24, 32, 2, 23, 11
2023/8/5, 60, 22, 33, 2, 20, 11
2023/8/6, 56, 23, 34, 2, 18, 10
2023/8/7, 58, 24, 34, 2, 20, 11
2023/8/8, 60, 24, 34, 2, 21, 11
2023/8/9, 61, 15, 33, 2, 18, 9
2023/8/10, 37, 27, 39, 2, 6, 12
2023/8/11, 4, 11, 38, 2, 14, 18
2023/8/12, 2, 15, 30, 2, 22, 18
2023/8/13, 2, 7, 31, 1, 28, 
2023/8/14, 1, 14, 31, , 33, 17
2023/8/15, 2, , 36, , 45, 17
2023/9/16, 81, 54, 4, 1, 6, 9
2023/9/17, 90, 51, 4, 1, 5, 8
2023/9/18, 86, 23, 4, 1, 6, 9
2023/9/19, 38, 31, 5, 1, 18, 7
2023/9/20, 38, 62, 5, 1, 23, 6
2023/9/21, 67, 46, 4, 1, 6, 8
2023/9/22, 65, 60, 4, , 6, 9
2023/9/23, 89, 48, 5, , 6, 9
2023/9/24, 65, 54, 4, , 7, 8
2023/9/25, 74, 56, 5, 3, 7, 8
2023/9/26, 77, 72, 4, 7, 7, 10
2023/9/27, 99, 95, 5, 6, 8, 9
2023/9/28, 121, 89, 4, 6, 6, 9
2023/9/29, 142, 38, 5, 8, 8, 9
2023/9/30, 81, 45, 4, 7, 6, 9
2023/4/3, 64, 42, 9, , 2, 8
2023/4/4, 92, 44, 13, 6, 9, 10
2023/4/5, 92, 58, 17, 8, 4, 18
2023/4/6, 116, 78, 16, 8, 1, 24
2023/4/7, 153, 80, 21, 9, 6, 30
2023/4/8, 158, 75, 20, 9, 5, 21
2023/4/9, 153, 68, 18, 8, 4, 19
2023/4/10, 146, 63, 15, 7, 2, 16
2023/4/11, 131, 64, 17, 7, , 16
2023/4/12, 134, 63, 15, 9, 2, 23
2023/4/13, 135, 50, 14, 7, 2, 17
2023/4/14, 100, 50, 10, 4, 1, 16
2023/4/15, 102, 49, 10, 4, , 17
2023/4/16, 102, 46, 13, 4, 5, 15
2023/4/17, 97, 55, 17, 7, 12, 16
2023/4/18, 116, 65, 16, 8, 13, 18
2023/4/19, 131, 56, 13, 5, 12, 14
2023/4/20, 117, 45, 10, 3, 11, 13
2023/4/21, 97, 41, 9, 2, 10, 11
2023/4/22, 90, 40, 9, 2, 9, 11
2023/4/23, 86, 48, 11, 3, 15, 13
2023/4/24, 97, 49, 12, 2, 14, 11
2023/4/25, 101, 45, 12, 1, 13, 9
2023/4/26, 91, 54, 12, 2, 13, 10
2023/4/27, 110, 40, 10, 2, 11, 10
2023/4/28, 88, 36, 9, 2, 11, 10
2023/4/29, 81, 39, 12, 2, 11, 10
2023/4/30, 85, 27, 12, 2, 22, 9
2023/5/1, 65, 32, 14, 1, 22, 8
2023/5/2, 73, 37, 12, 1, 14, 8
2023/5/3, 82, 42, 15, 2, 4, 7
2023/5/4, 91, 45, 13, 1, 4, 6
2023/5/5, 97, 40, 11, 1, 3, 8
2023/5/6, 87, 43, 13, 1, 3, 7
2023/5/7, 93, 51, 11, 1, 3, 5
2023/5/8, 107, 44, 12, 1, 4, 5
2023/5/9, 96, 58, 15, 1, 3, 4
2023/5/10, 124, 58, 18, 1, 3, 5
2023/5/11, 125, 52, 15, 1, 3, 6
2023/5/12, 109, 38, 18, , 3, 4
2023/5/13, 84, 20, 16, , 3, 3
2023/5/14, 50, 27, 18, 1, 5, 5
2023/5/15, 64, 30, 17, , 8, 4
2023/5/16, 69, 28, 16, , 5, 6
2023/5/17, 66, 38, 10, , 2, 7
2023/5/18, 83, 32, 12, , 1, 7
2023/5/19, 73, , , , , 
2023/5/22, 87, 39, 12, 2, 4, 2
2023/5/23, 85, 31, 13, 5, 8, 2
2023/5/24, 72, 21, 6, 1, 21, 
2023/5/25, 56, 14, , 1, , 
2023/5/26, 40, , , , , 
2023/6/14, 80, 32, 10, , 3, 16
2023/6/15, 73, 45, 15, , 5, 17
2023/6/16, 98, 42, 18, , 7, 13
2023/6/17, 89, 35, 20, 1, 7, 16
2023/6/18, 76, 32, 22, 1, 6, 15
2023/6/19, 73, 36, 23, 1, 3, 14
2023/6/20, 79, 37, 23, 2, 5, 14
2023/6/21, 81, 27, 25, 2, 10, 13
2023/6/22, 65, 30, 29, 3, 10, 14
2023/6/23, 70, 38, 33, 6, 10, 17
2023/6/24, 83, 24, 31, 7, 7, 18
2023/6/25, 58, 31, 32, 3, 5, 21
2023/6/26, 73, 32, 35, 3, 5, 18
2023/6/27, 75, 20, 34, 3, 6, 18
2023/6/28, 52, 22, 40, 2, 6, 18
2023/6/29, 57, 23, 37, 2, 4, 17
2023/6/30, 60, 28, 39, 1, 4, 19
2023/1/2, 179, 120, 30, 46, 17, 13
2023/1/3, 182, 117, 30, 47, 17, 13
2023/1/4, 187, 131, 35, 44, 18, 12
2023/1/5, 198, 124, 30, 41, 16, 13
2023/1/6, 192, 128, 32, 34, 14, 10
2023/1/7, 193, 106, 29, 31, 14, 10
2023/1/8, 175, 77, 28, 36, 12, 11
2023/1/9, 158, 89, 25, 46, 9, 12
2023/1/10, 165, 147, 30, 55, 17, 20
2023/1/11, 195, 112, 23, 52, 11, 16
2023/1/12, 184, 112, 25, 46, , 14
2023/1/13, 187, 143, 34, 54, , 14
2023/1/14, 213, 141, 35, 57, , 18
2023/1/15, 210, 119, 35, 69, , 23
2023/1/16, 190, 140, 35, 80, 1, 25
2023/1/17, 205, 155, 44, 81, 2, 26
2023/1/18, 217, 134, 33, 78, 4, 27
2023/1/19, 201, 124, 37, 75, 9, 24
2023/1/20, 194, 104, 34, 73, 5, 17
2023/1/21, 179, 97, 35, , 2, 16
2023/1/22, 173, 103, 34, 55, 1, 19
2023/1/23, 177, 105, 33, 64, 1, 18
2023/1/24, 178, 109, 35, 66, , 12
2023/1/25, 183, 124, 38, 63, 1, 13
2023/1/26, 196, 138, 31, 71, 3, 19
2023/1/27, 211, 127, 32, 71, 9, 21
2023/1/28, 204, 103, 33, 40, 3, 12
2023/1/29, 179, 91, 33, 51, 2, 12
2023/1/30, 170, 109, 32, 58, , 14
2023/1/31, 184, 110, 33, 48, , 13
2023/2/1, 185, 92, 36, 47, , 12
2023/2/2, 171, 112, 37, 65, 1, 17
2023/2/3, 191, 116, 39, 70, , 16
2023/2/4, 189, 143, 42, 61, 5, 19
2023/2/5, 211, 115, 42, 69, 3, 13
2023/2/6, 187, 94, 39, 55, 1, 12
2023/2/7, 173, 132, 40, 70, 2, 18
2023/2/8, 204, 134, 31, 72, 9, 24
2023/2/9, 204, 120, 40, 68, 6, 13
2023/2/10, 192, 95, 37, 63, 2, 10
2023/2/11, 173, 114, 40, 61, 1, 11
2023/2/12, 188, 88, 51, 43, , 3
2023/2/13, 166, 113, 47, 64, , 10
2023/2/14, 187, 119, 37, 78, 1, 14
2023/2/15, 193, 114, 38, 73, 1, 13
2023/2/16, 188, 101, 33, 17, 2, 15
2023/2/17, 171, 97, 12, 5, 7, 13
2023/2/18, 164, 109, 16, , 8, 19
2023/2/19, 172, 113, 15, , 8, 16
2023/2/20, 171, 106, 10, , 7, 15
2023/2/21, 155, 86, 9, , 5, 10
2023/2/22, 160, 103, 15, , 8, 14
2023/2/23, 143, 119, 12, , 12, 18
2023/2/24, 173, 119, 12, , 9, 15
2023/2/25, 170, 126, 14, , 11, 16
2023/2/26, 117, 108, 13, , 16, 16
2023/2/27, 111, 96, 23, 53, 18, 14
2023/2/28, 111, 97, 37, 67, 16, 13
2023/3/1, 112, 118, 42, , 15, 18
2023/3/2, 173, 152, 26, , 15, 36
2023/3/3, 234, , , , , 
2023/3/18, 92, 44, 9, , 22, 1
2023/3/19, 33, 43, 9, , 16, 1
2023/3/20, 25, 43, 8, , 12, 
2023/3/21, 30, 37, 8, , 16, 3
2023/3/22, 31, 29, 8, , 14, 1
2023/3/23, 24, 101, 9, , 12, 5
2023/3/24, 72, , 10, , 1, 9
2023/3/26, 81, 48, 10, , , 9
2023/3/27, 75, 94, 10, , 16, 9
2023/3/28, 120, 69, 11, , 18, 7
2023/3/29, 117, 59, 12, , 5, 8
2023/3/30, 97, , 9, , 5, 8
2022/10/1, 130, 32, 5, 5, , 3
2022/10/2, 93, 38, 7, 19, , 4
2022/10/3, 103, 48, 9, 23, , 7
2022/10/4, 122, 39, 7, 19, , 4
2022/10/5, 103, 39, 7, 19, , 4
2022/10/6, 100, 36, 5, 9, , 5
2022/10/7, 94, 21, 5, 11, , 3
2022/10/8, 64, 22, , 9, , 2
2022/10/9, 63, 42, 7, 11, , 9
2022/10/10, 101, 49, 7, 22, , 4
2022/10/11, 118, 39, 4, 14, , 6
2022/10/12, 96, 45, 5, 14, , 8
2022/10/13, 108, 46, 5, 15, , 8
2022/10/14, 113, 43, 6, 14, , 10
2022/10/15, 104, 59, 10, , , 6
2022/10/16, 132, , , , , 
2022/10/24, 168, 161, 16, 56, 6, 4
2022/10/25, 227, 81, 16, 58, 6, 3
2022/10/26, 174, 77, 19, 57, 6, 5
2022/10/27, 168, 76, 21, 35, 12, 7
2022/10/28, 169, 75, 20, 41, 14, 8
2022/10/29, 168, 63, 19, 31, 12, 5
2022/10/30, 150, 68, 22, 41, 13, 9
2022/10/31, 162, 79, 17, 38, 9, 9
2022/11/1, 172, 77, 17, 35, , 16
2022/11/2, 171, 74, 17, 38, 2, 14
2022/11/3, 170, 75, 5, 39, 5, 13
2022/11/4, 170, 74, 2, 45, 6, 10
2022/11/5, 169, 91, 20, 51, 10, 10
2022/11/6, 187, 81, 20, 53, 10, 12
2022/11/7, 176, 89, 17, 64, 9, 10
2022/11/8, 182, 89, 17, 72, 14, 9
2022/11/9, 184, 92, 18, 57, 11, 11
2022/11/10, 178, 77, 15, 82, 4, 4
2022/11/11, 138, 80, 15, 44, 6, 5
2022/11/12, 153, 85, 19, 39, 8, 10
2022/11/13, 161, 95, 12, 46, 10, 14
2022/11/14, 169, 95, 10, 45, 10, 15
2022/11/15, 168, 92, 10, 46, 12, 16
2022/11/16, 167, 83, 10, 42, 8, 11
2022/11/17, 162, 58, 18, 31, 4, 12
2022/11/18, 123, 81, 13, 34, 6, 11
2022/11/19, 161, 81, 13, 34, 5, 11
2022/11/20, 162, 84, 16, 40, 7, 11
2022/11/21, 164, 106, 14, 50, 9, 16
2022/11/22, 179, 113, 13, 46, 12, 18
2022/11/23, 187, 127, , 53, 16, 21
2022/11/24, 197, 118, 15, 49, 14, 19
2022/11/25, 181, 132, 13, 46, 16, 21
2022/11/26, 175, 134, 13, 43, 18, 20
2022/11/27, 176, 82, 14, 43, 16, 18
2022/11/28, 131, 101, 9, 47, 16, 17
2022/11/29, 160, 119, 11, 48, 18, 19
2022/11/30, 168, 143, 9, 54, 18, 19
2022/12/1, 180, 124, 14, 49, 16, 16
2022/12/2, 169, 130, 14, 49, 15, 11
2022/12/3, 166, 133, 13, 43, 17, 11
2022/12/4, 169, 158, 12, 42, 20, 16
2022/12/5, 171, 155, , 46, 17, 17
2022/12/6, 195, 156, , 46, 18, 18
2022/12/7, 214, 133, , 45, 18, 15
2022/12/8, 184, 87, 6, 35, 11, 10
2022/12/9, 156, 98, 15, 41, 11, 13
2022/12/10, 172, 127, 19, 41, 16, 14
2022/12/11, 190, 96, 21, 38, 13, 13
2022/12/12, 183, 99, 18, 32, 12, 12
2022/12/13, 176, 73, 23, 27, 13, 11
2022/12/14, 147, 75, 23, 30, 10, 12
2022/12/15, 152, 80, 26, 36, 12, 12
2022/12/16, 161, 92, 21, 37, 14, 13
2022/12/17, 164, 90, 22, 31, 13, 11
2022/12/18, 167, 81, 23, 27, 10, 11
2022/12/19, 162, 92, 23, 42, 13, 12
2022/12/20, 170, 107, 30, 44, 15, 13
2022/12/21, 181, 133, 30, 52, 19, 17
2022/12/22, 202, 135, 28, 54, 20, 15
2022/12/23, 206, 104, 24, 45, 15, 11
2022/12/24, 178, 128, 32, 42, 15, 12
2022/12/25, 197, 119, 32, 47, 13, 13
2022/12/26, 191, 142, 28, 50, 16, 15
2022/12/27, 212, 130, 23, 47, 18, 15
2022/12/28, 200, 142, 25, 43, 19, 15
2022/12/29, 210, 174, 31, 50, 18, 15
2022/12/30, 240, 160, 25, 47, 21, 14
2022/12/31, 181, 96, 32, 39, 14, 10
2023/1/1, 170, 107, 26, 47, 15, 13
2022/7/2, 134, 127, 11, , , 8
2022/7/3, 165, 131, 6, , 1, 9
2022/7/4, 163, 43, 1, 10, , 7
2022/7/5, 72, 52, 1, 17, , 4
2022/7/6, 83, 48, 1, 9, , 4
2022/7/7, 80, 59, 11, 7, , 9
2022/7/8, 94, , , , , 
2022/7/28, 125, 53, 3, 7, 4, 7
2022/7/29, 94, 54, 1, 6, , 10
2022/7/30, 97, , , , , 
2022/8/1, 57, 31, 32, 6, , 9
2022/8/2, 53, 13, 19, 8, 1, 5
2022/8/3, 29, 20, 16, 16, 6, 9
2022/8/4, 38, 25, 9, 8, 2, 9
2022/8/5, 30, 22, 19, 14, 7, 8
2022/8/6, 31, 12, 43, 14, 7, 9
2022/8/7, 21, 12, 35, 8, 2, 8
2022/8/8, 20, 10, 34, 10, 4, 7
2022/8/9, 17, 12, 26, 5, 3, 8
2022/8/10, 20, 10, , 5, 1, 7
2022/8/11, 14, 13, , 5, 1, 8
2022/8/12, 18, 11, , 5, 1, 9
2022/8/13, 15, 13, , 9, 4, 9
2022/8/14, 19, 9, , 4, 1, 9
2022/8/15, 12, 15, 20, 4, 1, 7
2022/8/16, 23, 48, 3, 10, , 2
2022/8/17, 66, 51, 11, 5, 2, 9
2022/8/18, 72, 44, 5, 4, , 1
2022/8/19, 67, 46, 5, 5, 1, 2
2022/8/20, 70, 50, 5, 4, , 
2022/8/21, 78, 49, 5, 4, , 
2022/8/22, 78, 51, 4, 4, 1, 1
2022/8/23, 77, 42, 4, 4, , 1
2022/8/24, 70, 46, 8, 5, 1, 2
2022/8/25, 72, 55, 6, 6, 1, 7
2022/8/26, 82, 66, 10, 12, 5, 7
2022/8/27, 98, 55, 4, 6, 1, 3
2022/8/28, 85, 63, 4, 7, 1, 9
2022/8/29, 99, 65, 9, 16, 5, 4
2022/8/30, 113, 46, 3, 8, 3, 3
2022/8/31, 86, 17, 10, 13, 3, 8
2022/9/1, 36, 22, 5, 14, 2, 5
2022/9/2, 46, 26, 10, 9, , 9
2022/9/3, 49, 88, 8, 5, 3, 9
2022/9/4, 144, 46, 5, 9, , 2
2022/9/5, 77, 44, 4, 6, , 4
2022/9/6, 62, 68, 7, 9, , 3
2022/9/7, 101, 108, 4, 22, 3, 7
2022/9/8, 105, 55, 4, 11, 1, 4
2022/9/9, 80, 60, 3, 10, 1, 4
2022/9/10, 80, 62, 6, 10, 2, 8
2022/9/11, 83, 66, 3, 9, 1, 2
2022/9/12, 84, 68, 3, 20, 2, 3
2022/9/13, 85, , 5, 4, 1, 2
2022/9/15, 101, 15, 6, 11, 4, 8
2022/9/16, 44, 22, 5, 5, 2, 2
2022/9/17, 52, 15, 5, 9, 1, 2
2022/9/18, 38, 21, 4, 6, 7, 3
2022/9/19, 66, 39, 7, 11, 4, 8
2022/9/20, 93, 36, 3, 5, 3, 5
2022/9/21, 70, 36, 7, 10, 9, 8
2022/9/22, 78, 41, 3, 20, 4, 5
2022/9/23, 101, 29, 6, 8, 8, 7
2022/9/24, 72, 37, 4, 6, 3, 3
2022/9/25, 84, 40, 5, 6, 2, 4
2022/9/26, 100, 47, 5, 8, 3, 6
2022/9/27, 120, 56, 5, 9, 4, 7
2022/9/28, 140, 56, 5, 8, 4, 6
2022/9/29, 142, 58, 5, 6, 9, 8
2022/9/30, 146, 50, 10, 18, 6, 8
2022/4/1, 193, 162, 9, 4, 1, 1
2022/4/2, 178, 123, 10, 9, , 1
2022/4/3, 174, 101, 13, 9, , 1
2022/4/4, 162, 78, 7, 8, 1, 1
2022/4/5, 142, 86, 13, 5, 1, 
2022/4/6, 143, 92, 21, 10, 1, 3
2022/4/7, 132, 76, 10, 9, 1, 8
2022/4/8, 124, 42, 7, 7, , 7
2022/4/9, 73, 10, 11, 4, , 7
2022/4/10, 22, 10, 13, 11, 1, 8
2022/4/11, 22, 11, 18, 14, 2, 
2022/4/12, 23, 12, 10, 7, 1, 8
2022/4/13, 23, 14, 13, 8, 2, 9
2022/4/14, 23, 12, 14, 8, 1, 
2022/4/15, 25, 145, 16, 8, 2, 7
2022/4/16, 127, 36, 8, 8, , 4
2022/4/17, 61, 30, 13, 9, 2, 6
2022/4/18, 56, 34, 10, 10, 2, 5
2022/4/19, 67, 38, 6, 13, 3, 6
2022/4/20, 69, 65, 33, 17, 4, 6
2022/4/21, 113, 66, 40, 5, 1, 7
2022/4/22, 118, 57, 34, , 6, 5
2022/4/23, 100, 43, 9, , 5, 7
2022/4/24, 77, 58, 28, 14, 7, 5
2022/4/25, 105, 42, 15, 5, 4, 4
2022/4/26, 78, 94, 13, 16, 1, 8
2022/4/27, 115, 69, 9, 12, 4, 7
2022/4/28, 106, 27, 4, 5, 2, 7
2022/4/29, 54, 29, 3, , 4, 3
2022/4/30, 59, 22, 3, , 2, 3
2022/5/1, 50, 40, 4, 2, 2, 2
2022/5/2, 71, 33, 7, , , 2
2022/5/3, 65, 62, 4, , 1, 2
2022/5/4, 105, 95, 4, , 1, 2
2022/5/5, 140, 132, 4, , 1, 3
2022/5/6, 174, 127, 5, , 1, 3
2022/5/7, 176, 110, 11, , 3, 
2022/5/8, 167, 88, 5, , , 2
2022/5/9, 152, 83, 10, , 3, 3
2022/5/10, 143, 72, 6, 3, 3, 
2022/5/11, 133, 83, 3, 3, , 1
2022/5/12, 148, 81, 4, , 1, 1
2022/5/13, 150, 102, 11, 5, 1, 1
2022/5/14, 162, 78, 13, 6, 3, 
2022/5/15, 142, 94, 3, 4, , 1
2022/5/16, 154, 134, , 4, 1, 1
2022/5/17, 178, 148, 6, 4, 1, 1
2022/5/18, 182, 161, 8, 7, 5, 
2022/5/19, 191, 120, 13, 3, 1, 
2022/5/20, 171, 107, 7, 3, 1, 
2022/5/21, 165, 82, 7, 3, 2, 
2022/5/22, 152, 76, 5, 1, 1, 2
2022/5/23, 137, 65, 4, 1, 1, 2
2022/5/24, 115, 78, 6, 2, 1, 2
2022/5/25, 128, 76, 7, 3, 1, 2
2022/5/26, 136, 60, 6, 4, 1, 1
2022/5/27, 101, 57, 6, 2, 5, 
2022/5/28, 93, 56, 6, 2, 1, 1
2022/5/29, 99, 65, 6, 2, 1, 1
2022/5/30, 113, 77, 6, 3, 1, 1
2022/5/31, 131, 84, 13, 6, 1, 1
2022/6/1, 137, 87, 18, 4, 1, 1
2022/6/2, 150, 84, 9, 6, 1, 1
2022/6/3, 135, 82, 6, 6, 1, 1
2022/6/4, 144, 66, 14, 5, 6, 
2022/6/5, 114, 79, 16, 2, 1, 
2022/6/6, 122, 59, 10, 2, 5, 
2022/6/7, 99, 48, 9, 5, 6, 2
2022/6/8, 84, 39, 8, 2, 2, 1
2022/6/9, 71, 48, 8, , 3, 2
2022/6/10, 85, 23, 6, 6, 7, 2
2022/6/11, 49, 22, 12, 4, 3, 
2022/6/12, 48, 32, 6, 3, 2, 
2022/6/13, 62, 46, 6, 1, 2, 1
2022/6/14, 79, 44, 6, , 3, 2
2022/6/15, 77, 37, 19, 10, 2, 7
2022/6/16, 69, 46, 11, 11, , 8
2022/6/17, 81, 45, 10, 16, , 6
2022/6/18, 77, 30, 4, 12, , 7
2022/6/19, 60, 22, 5, 11, , 7
2022/6/20, 48, 24, 3, 11, 1, 7
2022/6/21, 52, 34, 6, , 3, 8
2022/6/22, 63, 36, 7, 10, , 7
2022/6/23, 64, 31, 5, 11, , 8
2022/6/24, 59, 26, 16, , 5, 9
2022/6/25, 53, 21, 9, , 3, 6
2022/6/26, 43, 25, 6, , 2, 6
2022/6/27, 53, 32, 2, , , 6
2022/6/28, 63, , , , , 
2022/1/3, 165, 114, 5, 26, 7, 8
2022/1/4, 161, 136, 8, 18, 8, 10
2022/1/5, 175, 91, 4, 23, 5, 6
2022/1/6, 149, 101, 24, 21, 9, 8
2022/1/7, 156, 74, 11, 24, 8, 8
2022/1/8, 129, 64, 25, 18, 8, 2
2022/1/9, 105, 66, 19, 13, 6, 6
2022/1/10, 107, 108, 40, 31, 8, 9
2022/1/11, 162, 85, 39, 27, 11, 7
2022/1/12, 146, 98, 45, 29, 10, 6
2022/1/13, 158, 112, 18, 27, 4, 5
2022/1/14, 165, 81, 30, 25, 3, 7
2022/1/15, 135, 12, 33, 23, 4, 9
2022/1/16, 25, 23, 24, 19, 6, 3
2022/1/17, 44, 105, 30, 27, 11, 8
2022/1/18, 161, 112, 45, 31, 11, 5
2022/1/19, 163, 88, 23, 24, 8, 3
2022/1/20, 146, 81, 9, 17, 6, 1
2022/1/21, 134, 74, 9, 13, 6, 2
2022/1/22, 126, 499, 14, 13, 5, 
2022/1/23, 342, 207, 20, 15, 4, 1
2022/1/24, 217, 162, 25, 20, 5, 2
2022/1/25, 196, 150, 29, 18, 5, 3
2022/1/26, 185, 120, 30, 17, 7, 5
2022/1/27, 171, 110, 29, 4, 8, 4
2022/1/28, 167, 99, 23, 6, 5, 3
2022/1/29, 160, 117, 25, 7, 4, 6
2022/1/30, 170, 121, 35, 6, 12, 10
2022/1/31, 171, 119, 18, 6, 7, 8
2022/2/1, 170, 132, 15, 4, 12, 8
2022/2/2, 181, 103, 10, 7, 5, 5
2022/2/3, 160, 140, 20, 7, 9, 2
2022/2/4, 182, 150, 31, 7, 8, 9
2022/2/5, 187, 144, 24, 4, 3, 9
2022/2/6, 184, 107, 21, 7, 6, 8
2022/2/7, 165, 75, 7, 7, 3, 7
2022/2/8, 132, 74, 6, 4, 6, 7
2022/2/9, 128, 112, 2, 7, 6, 9
2022/2/10, 167, 99, 1, 4, 5, 6
2022/2/11, 158, 102, , 7, 5, 7
2022/2/12, 161, 108, , 4, 8, 10
2022/2/13, 162, 89, 1, 7, 4, 7
2022/2/14, 152, 86, , 7, 1, 5
2022/2/15, 142, 96, 1, 8, 6, 6
2022/2/16, 154, 75, 2, 4, 2, 5
2022/2/17, 137, 98, 4, 4, 3, 11
2022/2/18, 159, 106, 13, 7, 8, 7
2022/2/19, 165, 97, 14, 7, 4, 6
2022/2/20, 154, 109, 3, 4, 2, 8
2022/2/21, 166, 114, 5, 7, 8, 9
2022/2/22, 164, 93, 4, 29, 10, 12
2022/2/23, 147, 129, 3, 22, 12, 11
2022/2/24, 178, 161, 4, 24, 8, 10
2022/2/25, 195, 113, 3, 23, 45, 
2022/2/26, 156, 131, 6, 44, 18, 
2022/2/27, 160, 122, 7, 7, 13, 8
2022/2/28, 143, 121, 12, 24, 4, 6
2022/3/1, 170, 141, 2, 59, 5, 8
2022/3/2, 183, 140, 4, 30, 2, 6
2022/3/3, 183, 138, 7, 24, 7, 6
2022/3/4, 180, 146, 3, 33, 3, 5
2022/3/5, 185, 142, 6, 12, 6, 8
2022/3/6, 183, 140, 4, 4, 5, 4
2022/3/7, 183, 136, 4, 8, 3, 6
2022/3/8, 182, 130, 11, 11, 1, 3
2022/3/9, 178, 124, 27, 17, 1, 3
2022/3/10, 175, 137, 55, 27, 7, 8
2022/3/11, 182, 105, 84, 10, 1, 6
2022/3/12, 165, 124, 49, 13, 3, 6
2022/3/13, 175, 132, 40, 27, 6, 9
2022/3/14, 179, 149, 70, 29, 5, 8
2022/3/15, 189, 133, 39, 14, 6, 7
2022/3/16, 180, 145, 46, 28, 5, 8
2022/3/17, 187, 126, 20, 9, 5, 4
2022/3/18, 177, 87, 24, 15, 4, 4
2022/3/19, 153, 90, 14, 12, 2, 9
2022/3/20, 153, 111, 24, 17, 2, 7
2022/3/21, 168, 129, 12, 24, 1, 4
2022/3/22, 178, 133, 13, 24, 3, 8
2022/3/23, 179, 146, 42, 20, 3, 4
2022/3/24, 188, 90, 18, 15, , 5
2022/3/25, 157, 100, 9, 13, 1, 9
2022/3/26, 162, 95, 18, 10, , 
2022/3/27, 156, 76, 16, 2, , 4
2022/3/28, 144, 75, 11, , 1, 5
2022/3/29, 144, 80, 20, , 2, 5
2022/3/30, 149, 92, 8, 6, 1, 7
2022/3/31, 159, 156, 7, 8, 1, 3
2021/12/28, 166, 89, 6, 17, 8, 8
2021/12/29, 150, 114, 8, 15, 7, 8
2021/12/30, 164, 107, 6, 18, 7, 8
2021/12/31, 159, 97, 10, 15, 6, 8
2022/1/1, 148, 102, 6, 22, 12, 10
2022/1/2, 154, 113, 13, 17, 13, 11
2025/12/31, , 59, 15, 26, , 
2025/4/29, , 62, 43, 9, 2, 
2025/3/11, , 102, 67, 78, 10, 
2024/4/2, , 77, 22, 16, 32, 12
2024/4/6, , 80, 12, 14, 7, 13
2024/4/12, , 64, 18, 23, 19, 4
2024/4/26, , 170, 12, 16, 4, 3
2024/5/6, , 267, 7, 16, , 16
2024/5/12, , 335, , 13, , 8
2024/5/23, , 33, 15, 14, 4, 
2024/1/9, , 46, 17, 13, 3, 3
2024/1/10, , 61, 26, 24, 9, 2
2024/1/11, , 70, 16, 37, 8, 8
2024/1/12, , 71, 26, 46, 21, 13
2024/1/13, , 69, 13, 32, 6, 13
2024/1/14, , 40, 27, 22, 2, 
2024/1/15, , 43, 31, 16, 1, 7
2024/3/15, , 116, 13, 20, 2, 4
2023/11/18, , 79, 7, 17, 2, 7
2023/11/21, , 77, 8, 12, 8, 4
2023/12/6, , 61, 19, 9, 2, 1
2023/7/12, , 16, 28, 3, 15, 5
2023/8/23, , 6, 37, 2, 29, 17
2023/9/15, , 47, 48, 2, 4, 11
2023/4/2, , 27, 10, , 5, 6
2023/5/21, , 39, 13, 4, 13, 5
2023/6/13, , 36, 8, 1, , 17
2023/3/17, , 102, 5, , 24, 7
2023/3/25, , 55, 12, , 1, 11
2022/10/23, , 74, 16, 51, 5, 2
2022/7/1, , 85, 8, , , 6
2022/7/27, , 70, 1, , 2, 
2022/7/31, , 31, 8, 6, 4, 9
2022/9/14, , 65, 5, 6, 2, 1
2021/12/27, , 110, 9, 26, 8, 9
2025/1/1, , , , 18, 4, 
2025/1/2, , , 32, 16, 4, 
2025/1/3, , , 48, 12, 4, 
2025/1/6, , , 31, 19, 124, 
2025/1/7, , , 36, 26, 2, 
2025/1/8, , , 33, 22, 6, 
2025/1/9, , , 45, 20, 3, 
2025/1/10, , , 32, 24, 4, 
2025/1/13, , , 20, 23, 6, 
2025/1/14, , , 31, 18, 9, 
2025/1/15, , , 24, 29, 5, 
2025/1/16, , , 25, 40, 2, 
2025/1/17, , , 23, 24, 3, 
2025/1/18, , , 27, 20, 3, 
2025/1/19, , , 37, 21, 7, 
2025/1/20, , , 35, 24, 5, 
2025/1/21, , , 38, 25, 2, 
2025/1/22, , , 27, 28, 1, 
2025/1/23, , , 43, 24, 4, 
2025/1/24, , , 67, 25, 4, 
2025/1/25, , , 94, 24, 2, 
2025/1/26, , , 94, 23, 1, 
2025/1/27, , , 79, 24, 6, 
2025/1/28, , , 79, 23, 5, 
2025/1/29, , , 46, 22, 7, 
2025/1/30, , , 69, 25, 3, 
2025/1/31, , , 27, 18, 3, 
2025/2/1, , , 58, 18, 3, 
2025/2/2, , , 59, 19, 6, 
2025/2/3, , , 46, 22, 5, 
2025/2/4, , , 42, 20, 4, 
2025/2/5, , , 49, 19, 4, 
2025/2/6, , , 60, 23, 6, 
2025/2/7, , , 90, 23, 6, 
2025/2/8, , , 83, 23, 5, 
2025/2/9, , , 70, 22, 2, 
2025/2/10, , , 43, 23, 2, 
2025/2/11, , , 52, 21, 3, 
2025/2/12, , , 51, 20, 5, 
2025/2/13, , , 56, 38, 47, 
2025/2/14, , , 1, 85, 1, 
2025/2/15, , , 7, 77, 7, 
2025/2/16, , , 69, 56, 3, 
2025/2/17, , , 47, 55, 4, 
2025/2/18, , , 62, 63, 11, 
2025/2/19, , , 47, 66, 3, 
2025/2/20, , , 32, 60, 14, 
2025/2/21, , , 41, 60, 6, 
2025/2/22, , , 74, 55, 3, 
2025/2/23, , , 60, 56, 6, 
2025/2/24, , , 57, 55, 3, 
2025/2/25, , , 79, 56, 7, 
2025/2/26, , , 107, 55, 1, 
2025/2/27, , , 93, 60, 5, 
2025/2/28, , , 56, 71, 4, 
2025/3/1, , , 61, 50, 7, 
2025/3/2, , , 54, 48, 1, 
2025/3/3, , , 53, 53, 2, 
2025/3/4, , , 39, 54, 5, 
2025/3/5, , , 46, 52, 4, 
2025/3/6, , , 61, 56, 3, 
2025/3/7, , , 73, 74, 5, 
2025/3/8, , , 79, 67, 12, 
2025/3/9, , , 49, 52, 3, 
2025/3/10, , , 91, 64, 10, 
2024/10/1, , , 11, 9, , 
2024/10/2, , , 30, 7, , 
2024/10/3, , , 17, 6, 4, 
2024/10/4, , , 17, 7, , 
2024/10/5, , , 1, 9, , 
2024/10/6, , , 35, 13, , 
2024/10/7, , , 57, 11, , 
2024/10/8, , , 46, 9, , 
2024/10/9, , , 19, 7, , 
2024/10/10, , , 27, 7, , 
2024/10/11, , , 46, 71, , 
2024/10/12, , , 71, , , 
2024/10/14, , , 56, 4, , 
2024/10/15, , , 56, 7, , 
2024/10/16, , , 45, 26, , 
2024/10/17, , , 28, 20, , 
2024/10/18, , , 34, 16, , 
2024/10/19, , , 14, 18, , 
2024/10/20, , , 63, 14, , 
2024/10/21, , , 41, 10, 44, 
2024/10/22, , , 61, 8, , 
2024/10/23, , , 37, 33, 2, 
2024/10/24, , , 41, 16, , 11
2024/10/25, , , 44, 15, 4, 
2024/10/26, , , 40, 14, 2, 
2024/10/27, , , 65, 12, 1, 
2024/10/28, , , 38, 8, , 
2024/10/29, , , 31, 6, 3, 
2024/10/30, , , 45, 7, 3, 
2024/10/31, , , 47, 7, 5, 
2024/11/1, , , 43, 7, 4, 
2024/11/2, , , 43, 6, 1, 
2024/11/3, , , 53, 7, 1, 
2024/11/4, , , 39, 7, 2, 
2024/11/5, , , 40, 7, 3, 
2024/11/6, , , 45, 6, 2, 
2024/11/7, , , 48, 6, 1, 
2024/11/8, , , 45, 2, 3, 
2024/11/9, , , 42, , 5, 
2024/11/10, , , 45, , 6, 
2024/11/11, , , 68, 17, 1, 
2024/11/12, , , 45, 31, 112, 
2024/11/13, , , 49, 22, 1, 
2024/11/14, , , 45, 10, , 
2024/11/15, , , 47, 9, 2, 
2024/11/16, , , 52, 8, 1, 
2024/11/17, , , 60, 9, 1, 
2024/11/18, , , 38, 8, , 
2024/11/19, , , 54, 7, 1, 
2024/11/20, , , 71, 5, , 
2024/11/21, , , 64, 2, , 
2024/11/22, , , 76, 1, , 
2024/11/23, , , 85, 1, 1, 
2024/11/24, , , 77, 2, 3, 
2024/11/25, , , 54, 10, 1, 
2024/11/26, , , 46, 10, 2, 
2024/11/27, , , 49, , 4, 
2024/11/28, , , 47, 32, , 
2024/11/29, , , 44, 19, 3, 
2024/11/30, , , 63, 17, 2, 
2024/12/1, , , 64, , , 
2024/12/4, , , 69, 16, 1, 
2024/12/5, , , 74, 26, 2, 
2024/12/6, , , 43, 33, 2, 
2024/12/7, , , 46, 30, 4, 
2024/12/8, , , 47, 32, 3, 
2024/12/9, , , 32, 26, 3, 
2024/12/10, , , 46, 28, 2, 
2024/12/11, , , 54, 32, 2, 
2024/12/12, , , 42, 24, 2, 
2024/12/13, , , 41, 22, 2, 
2024/12/14, , , 53, 24, 4, 
2024/12/15, , , 57, 30, 5, 
2024/12/16, , , 46, 34, 1, 
2024/12/17, , , 49, 32, 3, 
2024/12/18, , , 92, 33, 1, 
2024/12/19, , , 61, 26, 3, 
2024/12/20, , , 47, 22, 3, 
2024/12/21, , , 50, 21, 10, 
2024/12/22, , , 32, 29, 4, 
2024/12/23, , , 29, 30, 16, 
2024/12/24, , , 34, 26, 17, 
2024/12/25, , , 41, 25, 14, 
2024/12/26, , , 34, 22, 21, 
2024/12/27, , , 27, 21, 8, 
2024/12/28, , , 32, 19, 18, 
2024/12/29, , , 31, , , 
2024/7/10, , , 3, 23, 4, 
2024/7/11, , , 4, 18, 3, 
2024/7/12, , , 4, 16, 1, 
2024/7/13, , , 4, 13, 4, 
2024/7/14, , , 3, 11, 3, 
2024/7/15, , , 3, 15, 3, 
2024/7/16, , , 5, 16, 1, 
2024/7/17, , , 4, 14, , 
2024/7/18, , , 5, 12, 4, 
2024/7/19, , , 5, 12, 3, 
2024/7/20, , , 4, 11, 3, 
2024/7/21, , , 5, 10, 2, 
2024/7/22, , , 5, 11, , 
2024/7/23, , , 4, 10, 3, 
2024/7/24, , , 5, 9, 2, 
2024/7/25, , , 2, 9, 3, 
2024/7/26, , , 3, 9, 1, 
2024/7/27, , , 3, 8, 2, 
2024/7/28, , , 3, 8, 2, 
2024/7/29, , , 3, 8, 2, 
2024/7/30, , , 3, 9, 3, 
2024/7/31, , , 4, 10, 4, 
2024/8/1, , , 3, 9, 3, 
2024/8/2, , , 4, 8, 2, 
2024/8/3, , , 3, 8, 1, 
2024/8/4, , , 3, 8, 2, 
2024/8/5, , , 3, 8, 6, 
2024/8/6, , , 3, 9, 3, 
2024/8/7, , , 3, 8, 5, 
2024/8/8, , , 19, 8, 1, 
2024/8/9, , , 3, 9, , 
2024/8/10, , , 3, 9, , 
2024/8/11, , , 3, 9, , 
2024/8/12, , , 3, 9, , 
2024/8/13, , , 3, 10, , 
2024/8/14, , , 3, 9, , 
2024/8/15, , , 4, 8, , 
2024/8/16, , , 4, 9, , 
2024/8/17, , , 4, 10, , 
2024/8/18, , , 3, 11, , 
2024/8/19, , , 4, 12, , 
2024/8/20, , , 37, 12, , 
2024/8/21, , , 8, 11, 3, 
2024/8/22, , , 3, 10, , 
2024/8/23, , , 3, 8, , 
2024/8/24, , , 3, 6, , 
2024/8/25, , , 4, 7, , 
2024/8/26, , , 4, 6, , 
2024/8/27, , , 3, 7, , 
2024/8/28, , , 3, 7, , 
2024/8/29, , , 16, 7, , 
2024/8/30, , , 4, 4, , 
2024/8/31, , , 3, 4, , 
2024/9/1, , , 2, 3, , 
2024/9/2, , , 4, 4, , 
2024/9/3, , , 4, 3, , 
2024/9/4, , , 2, 4, , 
2024/9/5, , , 3, 4, , 
2024/9/6, , , 4, 4, , 
2024/9/7, , , 4, 3, , 
2024/9/8, , , 3, 4, , 
2024/9/9, , , 4, 3, , 
2024/9/11, , , 3, 5, , 
2024/9/15, , , 5, 103, , 
2024/9/16, , , 4, 126, , 
2024/9/17, , , 7, 10, , 
2024/9/18, , , 6, 9, , 
2024/9/19, , , 3, 9, 1, 
2024/9/20, , , 2, 8, , 
2024/9/21, , , 1, 7, , 
2024/9/22, , , 1, 7, , 
2024/9/23, , , 1, 8, , 
2024/9/24, , , 1, 8, , 
2024/9/25, , , 2, 9, , 
2024/9/26, , , 1, 6, , 
2024/9/27, , , 1, 5, , 
2024/9/28, , , 2, 6, , 
2024/9/29, , , 23, 8, , 
2024/9/30, , , 9, 10, , 
2023/8/16, , , 35, , 36, 17
2023/8/17, , , 36, , 32, 18
2023/8/18, , , 35, , 32, 17
2023/8/19, , , 37, , 34, 20
2023/8/20, , , 36, , 39, 18
2023/8/21, , , 34, , 49, 19
2023/8/22, , , 37, , 48, 18
2023/8/24, , , 33, 3, 2, 17
2023/8/25, , , 27, 2, 7, 17
2023/8/26, , , 33, 2, 6, 17
2023/8/27, , , 34, 1, 8, 18
2023/8/28, , , 37, 2, 6, 18
2023/8/29, , , 37, 2, 10, 17
2023/8/30, , , 37, 4, 8, 18
2023/8/31, , , 38, 4, 7, 18
2023/9/1, , , 38, 3, 6, 18
2023/9/2, , , 38, , 6, 19
2023/9/3, , , 40, , 5, 18
2023/9/4, , , 40, , 6, 18
2023/9/5, , , 42, 3, 6, 18
2023/9/6, , , 42, 3, 5, 19
2023/9/7, , , 41, 3, 7, 21
2023/9/8, , , 43, 3, 6, 19
2023/9/9, , , 45, 2, 5, 18
2023/9/10, , , 46, 3, 6, 
2023/9/11, , , 45, 3, 5, 
2023/9/12, , , 45, 3, 5, 18
2023/9/13, , , 47, 4, 5, 19
2023/9/14, , , 48, 5, 6, 19
2024/10/13, , , , 6, , 
2024/12/3, , , , 16, 175, 